,seqproduto,desccompleta,descreduzida,codrua,nropredio,nroapartamento,nrosala,especieendereco,indterreoaereo,qtdatual,statusendereco,tipespecie,nroempresa,nrocarga,coddepossepar,destino,tipentrega,pesototal,mcubtotal,especieendereco,nrobox,statuscarga,valorcarga,seqlote,qtdcontada,seqtarefa,seqatividade,codtipatividade,nroquebra,mesano,peso,metragemcubica,qtdvolume,qtditem,indexclusao,grauprioridade,statusrf,statusatividade,tipseparacao,tiplote,pesototallote,mcubtotallote,qtdvolumelote,qtditemlote,seqordenacaoseparacao,seqpessoa,qtdembcarga,qtdembsolcarga,qtdembsepcarga,nropedvenda,embalagem,pesobruto,pesoliquido,altura,largura,profundidade
0,1459,ARROZ PARBO 5KG MINUTINHO,ARROZ MINUT PARBO 5K,R10,24,1,101,A,T,120.0,O,P,1,193315,01,CDA OESTE - REGIAO 10,E,844.0,1.59097216,A,2,S,5872.7,6,0.0,,6576469,SE,0,,156.192,0.2774796,9.0,6.0,N,4,,A,FA,BF,156.192,0.2774796,9,6,6,65060,6.0,2.0,2.0,0,FD,30.21,30.0,18.0,35.0,55.0
1,18275,ARROZ BRANCO GOURMET 5KG TIO JOAO,ARROZ TIO JO GOU BCO,R10,8,1,101,A,T,239.0,O,P,1,193315,01,CDA OESTE - REGIAO 10,E,844.0,1.59097216,A,2,S,5872.7,6,0.0,,6576469,SE,0,,156.192,0.2774796,9.0,6.0,N,4,,A,FA,BF,156.192,0.2774796,9,6,6,66708,6.0,1.0,1.0,0,FD,30.162,30.0,18.0,33.0,62.4
2,31025,FARINHA DE MILHO AMARELA SINHA 500G BIJU,FARINHA DE MILHO SIN,R10,60,1,101,A,T,917.0,O,P,1,193315,01,CDA OESTE - REGIAO 10,E,844.0,1.59097216,A,2,S,5872.7,6,0.0,,6576469,SE,0,,156.192,0.2774796,9.0,6.0,N,4,,A,FA,BF,156.192,0.2774796,9,6,6,65060,20.0,1.0,1.0,0,CX,10.1,10.0,18.0,35.0,45.0
3,31436,MACARRAO REN G.DURO 500G ESPAGUETE SUPERIORE,MACARRAO RENATA 500G,R10,34,1,101,A,T,1135.0,O,P,1,193315,01,CDA OESTE - REGIAO 10,E,844.0,1.59097216,A,2,S,5872.7,6,0.0,,6576469,SE,0,,156.192,0.2774796,9.0,6.0,N,4,,A,FA,BF,156.192,0.2774796,9,6,6,65060,30.0,1.0,1.0,0,CX,15.51,15.0,15.0,28.0,48.0
4,32404,FEIJAO RIO BELO CARIOCA 1KG,FEIJAO RIO BELO CARI,R10,37,1,101,A,T,620.0,O,P,1,193315,01,CDA OESTE - REGIAO 10,E,844.0,1.59097216,A,2,S,5872.7,6,0.0,,6576469,SE,0,,156.192,0.2774796,9.0,6.0,N,4,,A,FA,BF,156.192,0.2774796,9,6,6,65060,10.0,1.0,1.0,0,FD,10.0,10.0,17.0,20.0,30.0
5,33264,FEIJAO RIO BELO PRETO 1KG,FEIJAO RIO BELO PRET,R10,30,1,101,A,T,197.0,O,P,1,193315,01,CDA OESTE - REGIAO 10,E,844.0,1.59097216,A,2,S,5872.7,6,0.0,,6576469,SE,0,,156.192,0.2774796,9.0,6.0,N,4,,A,FA,BF,156.192,0.2774796,9,6,6,65060,10.0,2.0,2.0,0,FD,10.0,10.0,17.0,58.0,38.0
6,33264,FEIJAO RIO BELO PRETO 1KG,FEIJAO RIO BELO PRET,R10,30,1,101,A,T,197.0,O,P,1,193315,01,CDA OESTE - REGIAO 10,E,844.0,1.59097216,A,2,S,5872.7,6,0.0,,6576469,SE,0,,156.192,0.2774796,9.0,6.0,N,4,,A,FA,BF,156.192,0.2774796,9,6,6,66708,10.0,1.0,1.0,0,FD,10.0,10.0,17.0,58.0,38.0
7,842,COLORIFICO SINHA 500GR,COLORIFICO SINHA 500,R10,80,1,102,A,T,135.0,O,P,1,193316,01,CDA OESTE - REGIAO 06,E,703.0,1.42219596,A,3,S,6975.63,6,0.0,,6576485,SE,0,,90.787,0.1130099,5.0,5.0,N,4,,A,FA,BF,90.787,0.1130099,5,5,6,78816,20.0,1.0,1.0,0,FD,10.244,10.244,14.0,30.0,39.0
8,1345,FEIJAO CALDAO CARIOCA 1KG,FEIJ CALDAO CARIOCA,R10,45,1,101,A,T,1087.0,O,P,1,193316,01,CDA OESTE - REGIAO 06,E,703.0,1.42219596,A,3,S,6975.63,6,0.0,,6576485,SE,0,,90.787,0.1130099,5.0,5.0,N,4,,A,FA,BF,90.787,0.1130099,5,5,6,73647,10.0,1.0,1.0,0,FD,10.218,10.218,12.1,17.0,32.0
9,1571,ACUCAR ALTO ALEGRE REF 5KG,ACUC ALTO ALEGRE 5KG,R10,2,1,101,A,T,39.0,O,P,1,193316,01,CDA OESTE - REGIAO 06,E,703.0,1.42219596,A,3,S,6975.63,6,0.0,,6576485,SE,0,,90.787,0.1130099,5.0,5.0,N,4,,A,FA,BF,90.787,0.1130099,5,5,6,73647,6.0,1.0,1.0,0,FD,29.988,29.988,19.0,33.0,55.0
10,2519,FEIJAO CALDAO PRETO 1KG,FEIJAO CALDAO PRETO,R10,44,1,101,A,T,710.0,O,P,1,193316,01,CDA OESTE - REGIAO 06,E,703.0,1.42219596,A,3,S,6975.63,6,0.0,,6576485,SE,0,,90.787,0.1130099,5.0,5.0,N,4,,A,FA,BF,90.787,0.1130099,5,5,6,73647,10.0,1.0,1.0,0,FD,10.177,10.0,14.0,25.0,40.0
11,16516,ARROZ PARBO 5KG TIO JOAO,ARROZ TIO JOAO PARBO,R10,15,1,101,A,T,156.0,O,P,1,193316,01,CDA OESTE - REGIAO 06,E,703.0,1.42219596,A,3,S,6975.63,6,0.0,,6576485,SE,0,,90.787,0.1130099,5.0,5.0,N,4,,A,FA,BF,90.787,0.1130099,5,5,6,73647,6.0,1.0,1.0,0,FD,30.16,30.0,19.0,35.0,62.5
12,1524,ACUCAR CARAVELAS REF 5KG,ACUC CARAVELAS 5KG,R10,1,1,101,A,T,151.0,O,P,1,193317,01,CDA MO - REGIAO 09,E,3708.0,8.19031548,A,4,S,17366.19,11,0.0,,6576520,SE,0,,798.222,0.87073125,28.0,3.0,N,4,,A,FA,BF,798.222,0.87073125,28,3,373,59731,6.0,1.0,1.0,0,FD,30.174,30.0,19.0,33.0,55.0
13,1524,ACUCAR CARAVELAS REF 5KG,ACUC CARAVELAS 5KG,R10,1,1,101,A,T,151.0,O,P,1,193317,01,CDA MO - REGIAO 09,E,3708.0,8.19031548,A,4,S,17366.19,11,0.0,,6576520,SE,0,,798.222,0.87073125,28.0,3.0,N,4,,A,FA,BF,798.222,0.87073125,28,3,373,67761,6.0,1.0,1.0,0,FD,30.174,30.0,19.0,33.0,55.0
14,1571,ACUCAR ALTO ALEGRE REF 5KG,ACUC ALTO ALEGRE 5KG,R10,2,1,101,A,T,39.0,O,P,1,193317,01,CDA MO - REGIAO 09,E,3708.0,8.19031548,A,4,S,17366.19,11,0.0,,6576520,SE,0,,798.222,0.87073125,28.0,3.0,N,4,,A,FA,BF,798.222,0.87073125,28,3,373,60535,6.0,17.0,17.0,0,FD,29.988,29.988,19.0,33.0,55.0
15,1571,ACUCAR ALTO ALEGRE REF 5KG,ACUC ALTO ALEGRE 5KG,R10,2,1,101,A,T,39.0,O,P,1,193317,01,CDA MO - REGIAO 09,E,3708.0,8.19031548,A,4,S,17366.19,11,0.0,,6576520,SE,0,,798.222,0.87073125,28.0,3.0,N,4,,A,FA,BF,798.222,0.87073125,28,3,373,76867,6.0,6.0,6.0,0,FD,29.988,29.988,19.0,33.0,55.0
16,31784,SAL ZIZO REFINADO 1 KG,SAL ZIZO REFINADO 1K,B11,17,1,101,A,T,12132.0,O,P,1,193317,01,CDA MO - REGIAO 09,E,3708.0,8.19031548,A,4,S,17366.19,11,0.0,,6576520,SE,0,,798.222,0.87073125,28.0,3.0,N,4,,A,FA,BF,798.222,0.87073125,28,3,373,67761,15.0,1.0,1.0,0,FD,16.05,15.0,8.5,15.0,22.5
17,31784,SAL ZIZO REFINADO 1 KG,SAL ZIZO REFINADO 1K,B11,17,1,101,A,T,12132.0,O,P,1,193317,01,CDA MO - REGIAO 09,E,3708.0,8.19031548,A,4,S,17366.19,11,0.0,,6576520,SE,0,,798.222,0.87073125,28.0,3.0,N,4,,A,FA,BF,798.222,0.87073125,28,3,373,69753,15.0,2.0,2.0,0,FD,16.05,15.0,8.5,15.0,22.5
18,1303,ARROZ PARBO 1KG KIARROZ,ARROZ PARBO 1KG KIAR,R10,23,1,101,A,T,790.0,O,P,1,193317,01,CDA MO - REGIAO 09,E,3708.0,8.19031548,A,4,S,17366.19,12,0.0,,6576522,SE,0,,761.577,1.13651063,37.0,18.0,N,4,,A,FA,BF,761.577,1.13651063,37,18,401,69695,10.0,2.0,2.0,0,FD,10.03,10.03,16.0,35.0,54.0
19,1314,FARINHA TRIGO R BRANCA 5KG,TRIGO R BRANCA 5K,R10,5,1,101,A,T,76.0,O,P,1,193317,01,CDA MO - REGIAO 09,E,3708.0,8.19031548,A,4,S,17366.19,12,0.0,,6576522,SE,0,,761.577,1.13651063,37.0,18.0,N,4,,A,FA,BF,761.577,1.13651063,37,18,401,78803,5.0,1.0,1.0,0,FD,25.435,25.435,29.0,22.0,70.0
20,1316,FARINHA TRIGO TRES COROAS 5K,TRIGO TRES COROAS 5K,R10,26,1,101,A,T,17.0,O,P,1,193317,01,CDA MO - REGIAO 09,E,3708.0,8.19031548,A,4,S,17366.19,12,0.0,,6576522,SE,0,,761.577,1.13651063,37.0,18.0,N,4,,A,FA,BF,761.577,1.13651063,37,18,401,75971,5.0,2.0,2.0,0,FD,25.599,25.599,29.0,22.0,70.0
21,1459,ARROZ PARBO 5KG MINUTINHO,ARROZ MINUT PARBO 5K,R10,24,1,101,A,T,120.0,O,P,1,193317,01,CDA MO - REGIAO 09,E,3708.0,8.19031548,A,4,S,17366.19,12,0.0,,6576522,SE,0,,761.577,1.13651063,37.0,18.0,N,4,,A,FA,BF,761.577,1.13651063,37,18,401,69753,6.0,1.0,1.0,0,FD,30.21,30.0,18.0,35.0,55.0
22,1459,ARROZ PARBO 5KG MINUTINHO,ARROZ MINUT PARBO 5K,R10,24,1,101,A,T,120.0,O,P,1,193317,01,CDA MO - REGIAO 09,E,3708.0,8.19031548,A,4,S,17366.19,12,0.0,,6576522,SE,0,,761.577,1.13651063,37.0,18.0,N,4,,A,FA,BF,761.577,1.13651063,37,18,401,78610,6.0,1.0,1.0,0,FD,30.21,30.0,18.0,35.0,55.0
23,1459,ARROZ PARBO 5KG MINUTINHO,ARROZ MINUT PARBO 5K,R10,24,1,101,A,T,120.0,O,P,1,193317,01,CDA MO - REGIAO 09,E,3708.0,8.19031548,A,4,S,17366.19,12,0.0,,6576522,SE,0,,761.577,1.13651063,37.0,18.0,N,4,,A,FA,BF,761.577,1.13651063,37,18,401,78803,6.0,2.0,2.0,0,FD,30.21,30.0,18.0,35.0,55.0
24,1523,ACUCAR CARAVELAS REF 1KG,ACUC CARAVELAS 1KG,R10,9,1,101,A,T,759.0,O,P,1,193317,01,CDA MO - REGIAO 09,E,3708.0,8.19031548,A,4,S,17366.19,12,0.0,,6576522,SE,0,,761.577,1.13651063,37.0,18.0,N,4,,A,FA,BF,761.577,1.13651063,37,18,401,69695,10.0,1.0,1.0,0,FD,10.106,10.0,14.0,22.0,40.0
25,1571,ACUCAR ALTO ALEGRE REF 5KG,ACUC ALTO ALEGRE 5KG,R10,2,1,101,A,T,39.0,O,P,1,193317,01,CDA MO - REGIAO 09,E,3708.0,8.19031548,A,4,S,17366.19,12,0.0,,6576522,SE,0,,761.577,1.13651063,37.0,18.0,N,4,,A,FA,BF,761.577,1.13651063,37,18,401,76867,6.0,11.0,11.0,0,FD,29.988,29.988,19.0,33.0,55.0
26,18282,SAGU NEVE 500GR,SAGU NEVE 500GR,R11,35,1,101,A,T,1507.0,O,P,1,193317,01,CDA MO - REGIAO 09,E,3708.0,8.19031548,A,4,S,17366.19,12,0.0,,6576522,SE,0,,761.577,1.13651063,37.0,18.0,N,4,,A,FA,BF,761.577,1.13651063,37,18,401,67761,12.0,1.0,1.0,0,CX,6.0,6.0,13.5,28.5,31.5
27,22558,MACARRAO TODESCHINI C/OVOS PARAF 500GR,MAC TOD PARAF C/OV,R10,62,1,101,A,T,155.0,O,P,1,193317,01,CDA MO - REGIAO 09,E,3708.0,8.19031548,A,4,S,17366.19,12,0.0,,6576522,SE,0,,761.577,1.13651063,37.0,18.0,N,4,,A,FA,BF,761.577,1.13651063,37,18,401,67813,20.0,1.0,1.0,0,FD,10.2,10.0,21.0,38.0,60.0
28,22559,MACARRAO TODESCHINI C/OVOS PENA 500GR,MAC TODES PENA,R10,65,1,101,A,T,665.0,O,P,1,193317,01,CDA MO - REGIAO 09,E,3708.0,8.19031548,A,4,S,17366.19,12,0.0,,6576522,SE,0,,761.577,1.13651063,37.0,18.0,N,4,,A,FA,BF,761.577,1.13651063,37,18,401,67813,20.0,1.0,1.0,0,FD,10.24,10.0,21.0,38.0,60.0
29,25379,FARINHA TRIGO NORDESTE 5KG,FARINHA TRIGO NORDES,R10,40,1,101,A,T,95.0,O,P,1,193317,01,CDA MO - REGIAO 09,E,3708.0,8.19031548,A,4,S,17366.19,12,0.0,,6576522,SE,0,,761.577,1.13651063,37.0,18.0,N,4,,A,FA,BF,761.577,1.13651063,37,18,401,67761,5.0,1.0,1.0,0,FD,25.14,25.0,34.0,21.0,65.0
30,31025,FARINHA DE MILHO AMARELA SINHA 500G BIJU,FARINHA DE MILHO SIN,R10,60,1,101,A,T,917.0,O,P,1,193317,01,CDA MO - REGIAO 09,E,3708.0,8.19031548,A,4,S,17366.19,12,0.0,,6576522,SE,0,,761.577,1.13651063,37.0,18.0,N,4,,A,FA,BF,761.577,1.13651063,37,18,401,69753,20.0,1.0,1.0,0,CX,10.1,10.0,18.0,35.0,45.0
31,31145,FARINHA MANDIOCA DAMASIA 1KG,FARINHA MANDIOCA DAM,R11,3,1,101,A,T,468.0,O,P,1,193317,01,CDA MO - REGIAO 09,E,3708.0,8.19031548,A,4,S,17366.19,12,0.0,,6576522,SE,0,,761.577,1.13651063,37.0,18.0,N,4,,A,FA,BF,761.577,1.13651063,37,18,401,76866,20.0,1.0,1.0,0,FD,20.6,20.0,20.0,40.0,48.0
32,31436,MACARRAO REN G.DURO 500G ESPAGUETE SUPERIORE,MACARRAO RENATA 500G,R10,34,1,101,A,T,1135.0,O,P,1,193317,01,CDA MO - REGIAO 09,E,3708.0,8.19031548,A,4,S,17366.19,12,0.0,,6576522,SE,0,,761.577,1.13651063,37.0,18.0,N,4,,A,FA,BF,761.577,1.13651063,37,18,401,67761,30.0,1.0,1.0,0,CX,15.51,15.0,15.0,28.0,48.0
33,31436,MACARRAO REN G.DURO 500G ESPAGUETE SUPERIORE,MACARRAO RENATA 500G,R10,34,1,101,A,T,1135.0,O,P,1,193317,01,CDA MO - REGIAO 09,E,3708.0,8.19031548,A,4,S,17366.19,12,0.0,,6576522,SE,0,,761.577,1.13651063,37.0,18.0,N,4,,A,FA,BF,761.577,1.13651063,37,18,401,76866,30.0,1.0,1.0,0,CX,15.51,15.0,15.0,28.0,48.0
34,31437,MACARRAO REN G. DURO 500G LINGUINE SUPERIORE,MACARRAO RENATA 500G,R10,76,1,103,A,T,122.0,O,P,1,193317,01,CDA MO - REGIAO 09,E,3708.0,8.19031548,A,4,S,17366.19,12,0.0,,6576522,SE,0,,761.577,1.13651063,37.0,18.0,N,4,,A,FA,BF,761.577,1.13651063,37,18,401,76866,30.0,1.0,1.0,0,CX,15.3,15.0,16.0,28.0,48.0
35,32404,FEIJAO RIO BELO CARIOCA 1KG,FEIJAO RIO BELO CARI,R10,37,1,101,A,T,620.0,O,P,1,193317,01,CDA MO - REGIAO 09,E,3708.0,8.19031548,A,4,S,17366.19,12,0.0,,6576522,SE,0,,761.577,1.13651063,37.0,18.0,N,4,,A,FA,BF,761.577,1.13651063,37,18,401,76866,10.0,1.0,1.0,0,FD,10.0,10.0,17.0,20.0,30.0
36,33264,FEIJAO RIO BELO PRETO 1KG,FEIJAO RIO BELO PRET,R10,30,1,101,A,T,197.0,O,P,1,193317,01,CDA MO - REGIAO 09,E,3708.0,8.19031548,A,4,S,17366.19,12,0.0,,6576522,SE,0,,761.577,1.13651063,37.0,18.0,N,4,,A,FA,BF,761.577,1.13651063,37,18,401,78610,10.0,1.0,1.0,0,FD,10.0,10.0,17.0,58.0,38.0
37,33264,FEIJAO RIO BELO PRETO 1KG,FEIJAO RIO BELO PRET,R10,30,1,101,A,T,197.0,O,P,1,193317,01,CDA MO - REGIAO 09,E,3708.0,8.19031548,A,4,S,17366.19,12,0.0,,6576522,SE,0,,761.577,1.13651063,37.0,18.0,N,4,,A,FA,BF,761.577,1.13651063,37,18,401,78803,10.0,2.0,2.0,0,FD,10.0,10.0,17.0,58.0,38.0
38,33923,MACARRAO GALO VERMEL ESPAGUET 8 500G,MACARRAO GALO VERMELH ES,R10,11,1,101,A,T,1616.0,O,P,1,193317,01,CDA MO - REGIAO 09,E,3708.0,8.19031548,A,4,S,17366.19,12,0.0,,6576522,SE,0,,761.577,1.13651063,37.0,18.0,N,4,,A,FA,BF,761.577,1.13651063,37,18,401,67813,30.0,2.0,2.0,0,CX,15.21,15.0,15.0,16.0,1.0
39,35113,GRAO DE BICO JUREIA 5KG (5),GRAO DE BICO JUREIA,R10,96,1,101,A,T,9.0,O,P,1,193317,01,CDA MO - REGIAO 09,E,3708.0,8.19031548,A,4,S,17366.19,12,0.0,,6576522,SE,0,,761.577,1.13651063,37.0,18.0,N,4,,A,FA,BF,761.577,1.13651063,37,18,401,69753,1.0,1.0,1.0,0,UN,5.05,5.0,43.0,4.0,34.0
40,1302,ARROZ PARBO 5KG KIARROZ/FUMACENSE,ARROZ PARBO 5KG KIAR,R10,10,1,101,A,T,93.0,O,P,1,193319,01,CDA MO - REGIAO 01,E,632.0,1.52022019,A,6,S,3285.34,7,0.0,,6576568,SE,0,,158.056,0.1973575,9.0,7.0,N,4,,A,FA,BF,158.056,0.1973575,9,7,32,70817,6.0,2.0,2.0,0,FD,30.234,30.234,21.0,32.0,60.0
41,1306,ARROZ BRANCO 1KG KIARROZ,ARROZ KIARROZ BCO 1K,R10,22,1,101,A,T,943.0,O,P,1,193319,01,CDA MO - REGIAO 01,E,632.0,1.52022019,A,6,S,3285.34,7,0.0,,6576568,SE,0,,158.056,0.1973575,9.0,7.0,N,4,,A,FA,BF,158.056,0.1973575,9,7,32,72911,10.0,1.0,1.0,0,FD,10.11,10.11,18.0,32.0,58.0
42,1314,FARINHA TRIGO R BRANCA 5KG,TRIGO R BRANCA 5K,R10,5,1,101,A,T,76.0,O,P,1,193319,01,CDA MO - REGIAO 01,E,632.0,1.52022019,A,6,S,3285.34,7,0.0,,6576568,SE,0,,158.056,0.1973575,9.0,7.0,N,4,,A,FA,BF,158.056,0.1973575,9,7,32,70817,5.0,1.0,1.0,0,FD,25.435,25.435,29.0,22.0,70.0
43,1523,ACUCAR CARAVELAS REF 1KG,ACUC CARAVELAS 1KG,R10,9,1,101,A,T,759.0,O,P,1,193319,01,CDA MO - REGIAO 01,E,632.0,1.52022019,A,6,S,3285.34,7,0.0,,6576568,SE,0,,158.056,0.1973575,9.0,7.0,N,4,,A,FA,BF,158.056,0.1973575,9,7,32,74576,10.0,1.0,1.0,0,FD,10.106,10.0,14.0,22.0,40.0
44,8199,ACUCAR COLOMBO CRISTAL 1KG,ACUC COLOMBO CRISTAL,R10,59,1,101,A,T,922.0,O,P,1,193319,01,CDA MO - REGIAO 01,E,632.0,1.52022019,A,6,S,3285.34,7,0.0,,6576568,SE,0,,158.056,0.1973575,9.0,7.0,N,4,,A,FA,BF,158.056,0.1973575,9,7,32,72911,10.0,1.0,1.0,0,FD,10.106,10.0,13.0,22.0,36.0
45,8199,ACUCAR COLOMBO CRISTAL 1KG,ACUC COLOMBO CRISTAL,R10,59,1,101,A,T,922.0,O,P,1,193319,01,CDA MO - REGIAO 01,E,632.0,1.52022019,A,6,S,3285.34,7,0.0,,6576568,SE,0,,158.056,0.1973575,9.0,7.0,N,4,,A,FA,BF,158.056,0.1973575,9,7,32,74576,10.0,1.0,1.0,0,FD,10.106,10.0,13.0,22.0,36.0
46,31784,SAL ZIZO REFINADO 1 KG,SAL ZIZO REFINADO 1K,B11,17,1,101,A,T,12132.0,O,P,1,193319,01,CDA MO - REGIAO 01,E,632.0,1.52022019,A,6,S,3285.34,7,0.0,,6576568,SE,0,,158.056,0.1973575,9.0,7.0,N,4,,A,FA,BF,158.056,0.1973575,9,7,32,72911,15.0,1.0,1.0,0,FD,16.05,15.0,8.5,15.0,22.5
47,31785,SAL ZIZO GROSSO CHURRASCO 1 KG,SAL ZIZO CHURRASCO 1,B11,19,1,101,A,T,5484.0,O,P,1,193319,01,CDA MO - REGIAO 01,E,632.0,1.52022019,A,6,S,3285.34,7,0.0,,6576568,SE,0,,158.056,0.1973575,9.0,7.0,N,4,,A,FA,BF,158.056,0.1973575,9,7,32,70817,15.0,1.0,1.0,0,FD,15.675,15.675,8.5,15.0,22.5
48,1523,ACUCAR CARAVELAS REF 1KG,ACUC CARAVELAS 1KG,R10,9,1,101,A,T,759.0,O,P,1,193322,01,CDA MO - REGIAO 13,E,201.0,0.63516131,A,9,S,1562.2,7,0.0,,6576608,SE,0,,10.106,0.01232,1.0,1.0,N,4,,A,FA,BF,10.106,0.01232,1,1,7,72383,10.0,1.0,1.0,0,FD,10.106,10.0,14.0,22.0,40.0
49,837,FUBA SINHA MIMOSO 1KG MEDIO,FUBA SINHA MIMOSO 1 KG M,R10,7,1,101,A,T,619.0,O,P,1,193324,01,CDA MO - REGIAO 10,E,161.0,0.32266998,A,11,S,1179.2,5,0.0,,6576636,SE,0,,45.879,0.074376,2.0,2.0,N,4,,A,FA,BF,45.879,0.074376,2,2,5,60068,20.0,1.0,1.0,0,FD,20.28,20.0,19.0,34.0,46.0
50,1316,FARINHA TRIGO TRES COROAS 5K,TRIGO TRES COROAS 5K,R10,26,1,101,A,T,17.0,O,P,1,193324,01,CDA MO - REGIAO 10,E,161.0,0.32266998,A,11,S,1179.2,5,0.0,,6576636,SE,0,,45.879,0.074376,2.0,2.0,N,4,,A,FA,BF,45.879,0.074376,2,2,5,70290,5.0,1.0,1.0,0,FD,25.599,25.599,29.0,22.0,70.0
51,1218,ARROZ BRANCO 1KG TIO JOAO,ARROZ TIO JOAO BR 1K,R10,19,1,101,A,T,696.0,O,P,1,193325,01,CDA LUNARDI - MO - RG12,E,2351.0,4.39472886,A,12,S,17438.08,9,0.0,,6576659,SE,0,,671.76,1.12321775,42.0,12.0,N,4,,A,FA,BF,671.76,1.12321775,42,12,420,67752,10.0,1.0,1.0,0,FD,11.28,10.0,16.0,18.0,36.0
52,1314,FARINHA TRIGO R BRANCA 5KG,TRIGO R BRANCA 5K,R10,5,1,101,A,T,76.0,O,P,1,193325,01,CDA LUNARDI - MO - RG12,E,2351.0,4.39472886,A,12,S,17438.08,9,0.0,,6576659,SE,0,,671.76,1.12321775,42.0,12.0,N,4,,A,FA,BF,671.76,1.12321775,42,12,420,62732,5.0,1.0,1.0,0,FD,25.435,25.435,29.0,22.0,70.0
53,1314,FARINHA TRIGO R BRANCA 5KG,TRIGO R BRANCA 5K,R10,5,1,101,A,T,76.0,O,P,1,193325,01,CDA LUNARDI - MO - RG12,E,2351.0,4.39472886,A,12,S,17438.08,9,0.0,,6576659,SE,0,,671.76,1.12321775,42.0,12.0,N,4,,A,FA,BF,671.76,1.12321775,42,12,420,71307,5.0,1.0,1.0,0,FD,25.435,25.435,29.0,22.0,70.0
54,1459,ARROZ PARBO 5KG MINUTINHO,ARROZ MINUT PARBO 5K,R10,24,1,101,A,T,120.0,O,P,1,193325,01,CDA LUNARDI - MO - RG12,E,2351.0,4.39472886,A,12,S,17438.08,9,0.0,,6576659,SE,0,,671.76,1.12321775,42.0,12.0,N,4,,A,FA,BF,671.76,1.12321775,42,12,420,59872,6.0,3.0,3.0,0,FD,30.21,30.0,18.0,35.0,55.0
55,1459,ARROZ PARBO 5KG MINUTINHO,ARROZ MINUT PARBO 5K,R10,24,1,101,A,T,120.0,O,P,1,193325,01,CDA LUNARDI - MO - RG12,E,2351.0,4.39472886,A,12,S,17438.08,9,0.0,,6576659,SE,0,,671.76,1.12321775,42.0,12.0,N,4,,A,FA,BF,671.76,1.12321775,42,12,420,62732,6.0,1.0,1.0,0,FD,30.21,30.0,18.0,35.0,55.0
56,1459,ARROZ PARBO 5KG MINUTINHO,ARROZ MINUT PARBO 5K,R10,24,1,101,A,T,120.0,O,P,1,193325,01,CDA LUNARDI - MO - RG12,E,2351.0,4.39472886,A,12,S,17438.08,9,0.0,,6576659,SE,0,,671.76,1.12321775,42.0,12.0,N,4,,A,FA,BF,671.76,1.12321775,42,12,420,71307,6.0,1.0,1.0,0,FD,30.21,30.0,18.0,35.0,55.0
57,1523,ACUCAR CARAVELAS REF 1KG,ACUC CARAVELAS 1KG,R10,9,1,101,A,T,759.0,O,P,1,193325,01,CDA LUNARDI - MO - RG12,E,2351.0,4.39472886,A,12,S,17438.08,9,0.0,,6576659,SE,0,,671.76,1.12321775,42.0,12.0,N,4,,A,FA,BF,671.76,1.12321775,42,12,420,81396,10.0,1.0,1.0,0,FD,10.106,10.0,14.0,22.0,40.0
58,1524,ACUCAR CARAVELAS REF 5KG,ACUC CARAVELAS 5KG,R10,1,1,101,A,T,151.0,O,P,1,193325,01,CDA LUNARDI - MO - RG12,E,2351.0,4.39472886,A,12,S,17438.08,9,0.0,,6576659,SE,0,,671.76,1.12321775,42.0,12.0,N,4,,A,FA,BF,671.76,1.12321775,42,12,420,71307,6.0,1.0,1.0,0,FD,30.174,30.0,19.0,33.0,55.0
59,7269,ARROZ BRANCO 5KG TIO JOAO ,ARROZ T JOAO BR 5KG,R10,28,1,101,A,T,23.0,O,P,1,193325,01,CDA LUNARDI - MO - RG12,E,2351.0,4.39472886,A,12,S,17438.08,9,0.0,,6576659,SE,0,,671.76,1.12321775,42.0,12.0,N,4,,A,FA,BF,671.76,1.12321775,42,12,420,73052,6.0,4.0,4.0,0,FD,30.177,30.0,21.0,32.0,60.0
60,7973,ARROZ INTEGRAL 1KG TIO JOAO,ARROZ T JOAO INT 1K,R10,48,1,101,A,T,656.0,O,P,1,193325,01,CDA LUNARDI - MO - RG12,E,2351.0,4.39472886,A,12,S,17438.08,9,0.0,,6576659,SE,0,,671.76,1.12321775,42.0,12.0,N,4,,A,FA,BF,671.76,1.12321775,42,12,420,73052,10.0,2.0,2.0,0,FD,11.0,10.0,18.0,23.0,38.0
61,16515,ARROZ PARBO 1KG TIO JOAO,ARROZ TIO JOAO PARBO,R10,27,1,101,A,T,632.0,O,P,1,193325,01,CDA LUNARDI - MO - RG12,E,2351.0,4.39472886,A,12,S,17438.08,9,0.0,,6576659,SE,0,,671.76,1.12321775,42.0,12.0,N,4,,A,FA,BF,671.76,1.12321775,42,12,420,67752,10.0,1.0,1.0,0,CX,10.1,10.0,11.0,50.0,20.0
62,17574,FUBA SINHA FLOCAO 500GR,FUBA SINHA FLOCAO,R10,56,1,101,A,T,979.0,O,P,1,193325,01,CDA LUNARDI - MO - RG12,E,2351.0,4.39472886,A,12,S,17438.08,9,0.0,,6576659,SE,0,,671.76,1.12321775,42.0,12.0,N,4,,A,FA,BF,671.76,1.12321775,42,12,420,75842,20.0,21.0,21.0,0,CX,10.11,10.0,18.0,33.0,45.0
63,19874,FARINHA TRIGO R BRANCA PIZZA 5KG,FAR TRIGO R BCA PIZZ,R10,16,1,101,A,T,86.0,O,P,1,193325,01,CDA LUNARDI - MO - RG12,E,2351.0,4.39472886,A,12,S,17438.08,9,0.0,,6576659,SE,0,,671.76,1.12321775,42.0,12.0,N,4,,A,FA,BF,671.76,1.12321775,42,12,420,71307,5.0,1.0,1.0,0,FD,25.016,25.0,28.0,18.0,68.0
64,31784,SAL ZIZO REFINADO 1 KG,SAL ZIZO REFINADO 1K,B11,17,1,101,A,T,12132.0,O,P,1,193325,01,CDA LUNARDI - MO - RG12,E,2351.0,4.39472886,A,12,S,17438.08,9,0.0,,6576659,SE,0,,671.76,1.12321775,42.0,12.0,N,4,,A,FA,BF,671.76,1.12321775,42,12,420,62880,15.0,1.0,1.0,0,FD,16.05,15.0,8.5,15.0,22.5
65,40146,LENTILHA SINHA 500GR,LENTILHA SINHA 500GR,R10,71,1,102,A,T,166.0,O,P,1,193325,01,CDA LUNARDI - MO - RG12,E,2351.0,4.39472886,A,12,S,17438.08,9,0.0,,6576659,SE,0,,671.76,1.12321775,42.0,12.0,N,4,,A,FA,BF,671.76,1.12321775,42,12,420,62732,12.0,1.0,1.0,0,CX,6.048,6.0,14.0,15.0,3.0
66,40146,LENTILHA SINHA 500GR,LENTILHA SINHA 500GR,R10,71,1,102,A,T,166.0,O,P,1,193325,01,CDA LUNARDI - MO - RG12,E,2351.0,4.39472886,A,12,S,17438.08,9,0.0,,6576659,SE,0,,671.76,1.12321775,42.0,12.0,N,4,,A,FA,BF,671.76,1.12321775,42,12,420,73052,12.0,1.0,1.0,0,CX,6.048,6.0,14.0,15.0,3.0
67,1303,ARROZ PARBO 1KG KIARROZ,ARROZ PARBO 1KG KIAR,R10,23,1,101,A,T,790.0,O,P,1,193330,01,CDA SUL-06,E,2477.0,4.83595521,A,13,S,16302.86,6,0.0,,6576685,SE,0,,420.281,1.01714375,39.0,5.0,N,4,,A,FA,BF,420.281,1.01714375,39,5,6,81522,10.0,1.0,1.0,0,FD,10.03,10.03,16.0,35.0,54.0
68,1524,ACUCAR CARAVELAS REF 5KG,ACUC CARAVELAS 5KG,R10,1,1,101,A,T,151.0,O,P,1,193330,01,CDA SUL-06,E,2477.0,4.83595521,A,13,S,16302.86,6,0.0,,6576685,SE,0,,420.281,1.01714375,39.0,5.0,N,4,,A,FA,BF,420.281,1.01714375,39,5,6,81522,6.0,1.0,1.0,0,FD,30.174,30.0,19.0,33.0,55.0
69,2519,FEIJAO CALDAO PRETO 1KG,FEIJAO CALDAO PRETO,R10,44,1,101,A,T,710.0,O,P,1,193330,01,CDA SUL-06,E,2477.0,4.83595521,A,13,S,16302.86,6,0.0,,6576685,SE,0,,420.281,1.01714375,39.0,5.0,N,4,,A,FA,BF,420.281,1.01714375,39,5,6,81522,10.0,1.0,1.0,0,FD,10.177,10.0,14.0,25.0,40.0
70,17574,FUBA SINHA FLOCAO 500GR,FUBA SINHA FLOCAO,R10,56,1,101,A,T,979.0,O,P,1,193330,01,CDA SUL-06,E,2477.0,4.83595521,A,13,S,16302.86,6,0.0,,6576685,SE,0,,420.281,1.01714375,39.0,5.0,N,4,,A,FA,BF,420.281,1.01714375,39,5,6,36778,20.0,4.0,4.0,0,CX,10.11,10.0,18.0,33.0,45.0
71,17574,FUBA SINHA FLOCAO 500GR,FUBA SINHA FLOCAO,R10,56,1,101,A,T,979.0,O,P,1,193330,01,CDA SUL-06,E,2477.0,4.83595521,A,13,S,16302.86,6,0.0,,6576685,SE,0,,420.281,1.01714375,39.0,5.0,N,4,,A,FA,BF,420.281,1.01714375,39,5,6,36783,20.0,30.0,30.0,0,CX,10.11,10.0,18.0,33.0,45.0
72,17574,FUBA SINHA FLOCAO 500GR,FUBA SINHA FLOCAO,R10,56,1,101,A,T,979.0,O,P,1,193330,01,CDA SUL-06,E,2477.0,4.83595521,A,13,S,16302.86,6,0.0,,6576685,SE,0,,420.281,1.01714375,39.0,5.0,N,4,,A,FA,BF,420.281,1.01714375,39,5,6,67229,20.0,1.0,1.0,0,CX,10.11,10.0,18.0,33.0,45.0
73,31784,SAL ZIZO REFINADO 1 KG,SAL ZIZO REFINADO 1K,B11,17,1,101,A,T,12132.0,O,P,1,193330,01,CDA SUL-06,E,2477.0,4.83595521,A,13,S,16302.86,6,0.0,,6576685,SE,0,,420.281,1.01714375,39.0,5.0,N,4,,A,FA,BF,420.281,1.01714375,39,5,6,81108,15.0,1.0,1.0,0,FD,16.05,15.0,8.5,15.0,22.5
74,1315,FARINHA TRIGO R BRANCA 1KG,TRIGO R BRANCA 1K,R10,39,1,101,A,T,939.0,O,P,1,193331,01,CDA SUL-09,E,2176.0,4.44105151,A,14,S,10960.75,6,0.0,,6576710,SE,0,,176.936,0.410153,13.0,5.0,N,4,,A,FA,BF,176.936,0.410153,13,5,21,65492,10.0,1.0,1.0,0,FD,10.212,10.0,18.0,26.0,36.0
75,1524,ACUCAR CARAVELAS REF 5KG,ACUC CARAVELAS 5KG,R10,1,1,101,A,T,151.0,O,P,1,193331,01,CDA SUL-09,E,2176.0,4.44105151,A,14,S,10960.75,6,0.0,,6576710,SE,0,,176.936,0.410153,13.0,5.0,N,4,,A,FA,BF,176.936,0.410153,13,5,21,73800,6.0,1.0,1.0,0,FD,30.174,30.0,19.0,33.0,55.0
76,25380,FARINHA TRIGO NORDESTE 1KG ,FARINHA TRIGO NORDES,R10,47,1,101,A,T,158.0,O,P,1,193331,01,CDA SUL-09,E,2176.0,4.44105151,A,14,S,10960.75,6,0.0,,6576710,SE,0,,176.936,0.410153,13.0,5.0,N,4,,A,FA,BF,176.936,0.410153,13,5,21,65492,10.0,1.0,1.0,0,FD,10.3,10.0,17.0,35.0,20.0
77,38285,MACARRAO LUCIANA ESPAGUETE C/OVO 500GR,MACARRAO LUCIANA INTEGRA,R10,68,1,101,A,T,1291.0,O,P,1,193331,01,CDA SUL-09,E,2176.0,4.44105151,A,14,S,10960.75,6,0.0,,6576710,SE,0,,176.936,0.410153,13.0,5.0,N,4,,A,FA,BF,176.936,0.410153,13,5,21,40037,30.0,5.0,5.0,0,CX,15.15,15.0,16.0,28.0,48.0
78,38286,MACARRAO LUCIANA 500GR C/OVO PARAFUSO,MACARRAO LUCIANA 500,R10,63,1,101,A,T,151.0,O,P,1,193331,01,CDA SUL-09,E,2176.0,4.44105151,A,14,S,10960.75,6,0.0,,6576710,SE,0,,176.936,0.410153,13.0,5.0,N,4,,A,FA,BF,176.936,0.410153,13,5,21,40037,20.0,5.0,5.0,0,CX,10.1,10.0,21.0,38.0,60.0
79,839,POLENTA SINHA PRECOZIDA 500GR,POLENTA SINHA 500GR,R10,4,1,101,A,T,412.0,O,P,1,193332,01,CDA SUL-03,E,1310.0,3.09094951,A,15,S,7294.37,8,0.0,,6576732,SE,0,,167.939,0.1896605,17.0,6.0,N,4,,A,FA,BF,167.939,0.1896605,17,6,228,55930,12.0,1.0,1.0,0,FD,6.305,6.305,15.0,19.0,32.5
80,1523,ACUCAR CARAVELAS REF 1KG,ACUC CARAVELAS 1KG,R10,9,1,101,A,T,759.0,O,P,1,193332,01,CDA SUL-03,E,1310.0,3.09094951,A,15,S,7294.37,8,0.0,,6576732,SE,0,,167.939,0.1896605,17.0,6.0,N,4,,A,FA,BF,167.939,0.1896605,17,6,228,42204,10.0,10.0,10.0,0,FD,10.106,10.0,14.0,22.0,40.0
81,2520,FEIJAO CALDAO VERMELHO 1KG,FEIJ CALDAO VM 1KG,R10,14,1,101,A,T,600.0,O,P,1,193332,01,CDA SUL-03,E,1310.0,3.09094951,A,15,S,7294.37,8,0.0,,6576732,SE,0,,167.939,0.1896605,17.0,6.0,N,4,,A,FA,BF,167.939,0.1896605,17,6,228,35126,10.0,1.0,1.0,0,FD,10.154,10.0,25.0,17.0,40.0
82,18556,FARINHA ROSCA CONFEPAN 5KG,FAR ROSCA CONFPAN KG,R11,8,1,101,A,T,133.0,O,P,1,193332,01,CDA SUL-03,E,1310.0,3.09094951,A,15,S,7294.37,8,0.0,,6576732,SE,0,,167.939,0.1896605,17.0,6.0,N,4,,A,FA,BF,167.939,0.1896605,17,6,228,41279,1.0,2.0,2.0,0,UN,5.0,5.0,5.0,15.0,15.0
83,33264,FEIJAO RIO BELO PRETO 1KG,FEIJAO RIO BELO PRET,R10,30,1,101,A,T,197.0,O,P,1,193332,01,CDA SUL-03,E,1310.0,3.09094951,A,15,S,7294.37,8,0.0,,6576732,SE,0,,167.939,0.1896605,17.0,6.0,N,4,,A,FA,BF,167.939,0.1896605,17,6,228,35126,10.0,1.0,1.0,0,FD,10.0,10.0,17.0,58.0,38.0
84,33923,MACARRAO GALO VERMEL ESPAGUET 8 500G,MACARRAO GALO VERMELH ES,R10,11,1,101,A,T,1616.0,O,P,1,193332,01,CDA SUL-03,E,1310.0,3.09094951,A,15,S,7294.37,8,0.0,,6576732,SE,0,,167.939,0.1896605,17.0,6.0,N,4,,A,FA,BF,167.939,0.1896605,17,6,228,35126,30.0,1.0,1.0,0,CX,15.21,15.0,15.0,16.0,1.0
85,33923,MACARRAO GALO VERMEL ESPAGUET 8 500G,MACARRAO GALO VERMELH ES,R10,11,1,101,A,T,1616.0,O,P,1,193332,01,CDA SUL-03,E,1310.0,3.09094951,A,15,S,7294.37,8,0.0,,6576732,SE,0,,167.939,0.1896605,17.0,6.0,N,4,,A,FA,BF,167.939,0.1896605,17,6,228,41279,30.0,1.0,1.0,0,CX,15.21,15.0,15.0,16.0,1.0
86,839,POLENTA SINHA PRECOZIDA 500GR,POLENTA SINHA 500GR,R10,4,1,101,A,T,412.0,O,P,1,193333,01,CDA SUL-04,E,757.0,1.94357209,A,16,S,3970.22,6,0.0,,6576750,SE,0,,87.047,0.1129765,10.0,6.0,N,4,,A,FA,BF,87.047,0.1129765,10,6,25,35594,12.0,1.0,1.0,0,FD,6.305,6.305,15.0,19.0,32.5
87,1315,FARINHA TRIGO R BRANCA 1KG,TRIGO R BRANCA 1K,R10,39,1,101,A,T,939.0,O,P,1,193333,01,CDA SUL-04,E,757.0,1.94357209,A,16,S,3970.22,6,0.0,,6576750,SE,0,,87.047,0.1129765,10.0,6.0,N,4,,A,FA,BF,87.047,0.1129765,10,6,25,66732,10.0,2.0,2.0,0,FD,10.212,10.0,18.0,26.0,36.0
88,1523,ACUCAR CARAVELAS REF 1KG,ACUC CARAVELAS 1KG,R10,9,1,101,A,T,759.0,O,P,1,193333,01,CDA SUL-04,E,757.0,1.94357209,A,16,S,3970.22,6,0.0,,6576750,SE,0,,87.047,0.1129765,10.0,6.0,N,4,,A,FA,BF,87.047,0.1129765,10,6,25,66732,10.0,2.0,2.0,0,FD,10.106,10.0,14.0,22.0,40.0
89,8199,ACUCAR COLOMBO CRISTAL 1KG,ACUC COLOMBO CRISTAL,R10,59,1,101,A,T,922.0,O,P,1,193333,01,CDA SUL-04,E,757.0,1.94357209,A,16,S,3970.22,6,0.0,,6576750,SE,0,,87.047,0.1129765,10.0,6.0,N,4,,A,FA,BF,87.047,0.1129765,10,6,25,36671,10.0,1.0,1.0,0,FD,10.106,10.0,13.0,22.0,36.0
90,18556,FARINHA ROSCA CONFEPAN 5KG,FAR ROSCA CONFPAN KG,R11,8,1,101,A,T,133.0,O,P,1,193333,01,CDA SUL-04,E,757.0,1.94357209,A,16,S,3970.22,6,0.0,,6576750,SE,0,,87.047,0.1129765,10.0,6.0,N,4,,A,FA,BF,87.047,0.1129765,10,6,25,79178,1.0,2.0,2.0,0,UN,5.0,5.0,5.0,15.0,15.0
91,33425,FARINHA TRIGO INTEGRAL NORDESTE 1 KG,FARINHA DE TRIGO INT,R10,85,1,103,A,T,17.0,O,P,1,193333,01,CDA SUL-04,E,757.0,1.94357209,A,16,S,3970.22,6,0.0,,6576750,SE,0,,87.047,0.1129765,10.0,6.0,N,4,,A,FA,BF,87.047,0.1129765,10,6,25,81288,10.0,2.0,2.0,0,CX,10.0,10.0,18.0,24.0,38.0
92,1316,FARINHA TRIGO TRES COROAS 5K,TRIGO TRES COROAS 5K,R10,26,1,101,A,T,17.0,O,P,1,193336,01,CDA SUL-10,E,178.0,0.5023401,A,19,S,1014.27,5,0.0,,6576796,SE,0,,56.019,0.05234,3.0,3.0,N,4,,A,FA,BF,56.019,0.05234,3,3,5,78793,5.0,1.0,1.0,0,FD,25.599,25.599,29.0,22.0,70.0
93,33923,MACARRAO GALO VERMEL ESPAGUET 8 500G,MACARRAO GALO VERMELH ES,R10,11,1,101,A,T,1616.0,O,P,1,193336,01,CDA SUL-10,E,178.0,0.5023401,A,19,S,1014.27,5,0.0,,6576796,SE,0,,56.019,0.05234,3.0,3.0,N,4,,A,FA,BF,56.019,0.05234,3,3,5,78793,30.0,1.0,1.0,0,CX,15.21,15.0,15.0,16.0,1.0
94,33924,MACARRAO GALO VERMELH0 FURADINHO 5 500,MACARRAO SEMOLA GALO FUR,R10,53,1,101,A,T,1740.0,O,P,1,193336,01,CDA SUL-10,E,178.0,0.5023401,A,19,S,1014.27,5,0.0,,6576796,SE,0,,56.019,0.05234,3.0,3.0,N,4,,A,FA,BF,56.019,0.05234,3,3,5,80388,30.0,1.0,1.0,0,CX,15.21,15.0,15.0,16.0,31.0
95,1316,FARINHA TRIGO TRES COROAS 5K,TRIGO TRES COROAS 5K,R10,26,1,101,A,T,17.0,O,P,1,193337,01,CDA SUL-05,E,144.0,0.46175512,A,20,S,872.86,4,0.0,,6576808,SE,0,,76.797,0.13398,3.0,1.0,N,4,,A,FA,BF,76.797,0.13398,3,1,7,80172,5.0,3.0,3.0,0,FD,25.599,25.599,29.0,22.0,70.0
96,839,POLENTA SINHA PRECOZIDA 500GR,POLENTA SINHA 500GR,R10,4,1,101,A,T,412.0,O,P,1,193338,01,CDA SUL-08,E,84.0,0.36193802,A,21,S,615.53,3,0.0,,6576816,SE,0,,6.305,0.0092625,1.0,1.0,N,4,,A,FA,BF,6.305,0.0092625,1,1,3,42827,12.0,1.0,1.0,0,FD,6.305,6.305,15.0,19.0,32.5
97,839,POLENTA SINHA PRECOZIDA 500GR,POLENTA SINHA 500GR,R10,4,1,101,A,T,412.0,O,P,1,193339,01,NAVEGANTES/ITAJAI,E,2729.0,6.41959942,A,22,S,14723.2,9,0.0,,6576855,SE,0,,618.644,0.7913807,56.0,12.0,N,4,,A,FA,BF,618.644,0.7913807,56,12,168,42527,12.0,10.0,10.0,0,FD,6.305,6.305,15.0,19.0,32.5
98,839,POLENTA SINHA PRECOZIDA 500GR,POLENTA SINHA 500GR,R10,4,1,101,A,T,412.0,O,P,1,193339,01,NAVEGANTES/ITAJAI,E,2729.0,6.41959942,A,22,S,14723.2,9,0.0,,6576855,SE,0,,618.644,0.7913807,56.0,12.0,N,4,,A,FA,BF,618.644,0.7913807,56,12,168,58991,12.0,1.0,1.0,0,FD,6.305,6.305,15.0,19.0,32.5
99,920,FARINHA TRIGO NITA 1KG,FAR TRIGO NITA 1KG,R10,38,1,101,A,T,872.0,O,P,1,193339,01,NAVEGANTES/ITAJAI,E,2729.0,6.41959942,A,22,S,14723.2,9,0.0,,6576855,SE,0,,618.644,0.7913807,56.0,12.0,N,4,,A,FA,BF,618.644,0.7913807,56,12,168,46329,10.0,3.0,3.0,0,FD,10.29,10.0,16.0,21.5,42.0
100,1316,FARINHA TRIGO TRES COROAS 5K,TRIGO TRES COROAS 5K,R10,26,1,101,A,T,17.0,O,P,1,193339,01,NAVEGANTES/ITAJAI,E,2729.0,6.41959942,A,22,S,14723.2,9,0.0,,6576855,SE,0,,618.644,0.7913807,56.0,12.0,N,4,,A,FA,BF,618.644,0.7913807,56,12,168,69138,5.0,1.0,1.0,0,FD,25.599,25.599,29.0,22.0,70.0
101,1459,ARROZ PARBO 5KG MINUTINHO,ARROZ MINUT PARBO 5K,R10,24,1,101,A,T,120.0,O,P,1,193339,01,NAVEGANTES/ITAJAI,E,2729.0,6.41959942,A,22,S,14723.2,9,0.0,,6576855,SE,0,,618.644,0.7913807,56.0,12.0,N,4,,A,FA,BF,618.644,0.7913807,56,12,168,65206,6.0,1.0,1.0,0,FD,30.21,30.0,18.0,35.0,55.0
102,1508,FARINHA TRIGO DONA BENTA 1KG,TRIGO DONA BENTA 1KG,R10,25,1,101,A,T,307.0,O,P,1,193339,01,NAVEGANTES/ITAJAI,E,2729.0,6.41959942,A,22,S,14723.2,9,0.0,,6576855,SE,0,,618.644,0.7913807,56.0,12.0,N,4,,A,FA,BF,618.644,0.7913807,56,12,168,46329,10.0,10.0,10.0,0,FD,10.0,10.0,14.0,25.0,45.0
103,1508,FARINHA TRIGO DONA BENTA 1KG,TRIGO DONA BENTA 1KG,R10,25,1,101,A,T,307.0,O,P,1,193339,01,NAVEGANTES/ITAJAI,E,2729.0,6.41959942,A,22,S,14723.2,9,0.0,,6576855,SE,0,,618.644,0.7913807,56.0,12.0,N,4,,A,FA,BF,618.644,0.7913807,56,12,168,75023,10.0,4.0,4.0,0,FD,10.0,10.0,14.0,25.0,45.0
104,1523,ACUCAR CARAVELAS REF 1KG,ACUC CARAVELAS 1KG,R10,9,1,101,A,T,759.0,O,P,1,193339,01,NAVEGANTES/ITAJAI,E,2729.0,6.41959942,A,22,S,14723.2,9,0.0,,6576855,SE,0,,618.644,0.7913807,56.0,12.0,N,4,,A,FA,BF,618.644,0.7913807,56,12,168,46322,10.0,10.0,10.0,0,FD,10.106,10.0,14.0,22.0,40.0
105,31145,FARINHA MANDIOCA DAMASIA 1KG,FARINHA MANDIOCA DAM,R11,3,1,101,A,T,468.0,O,P,1,193339,01,NAVEGANTES/ITAJAI,E,2729.0,6.41959942,A,22,S,14723.2,9,0.0,,6576855,SE,0,,618.644,0.7913807,56.0,12.0,N,4,,A,FA,BF,618.644,0.7913807,56,12,168,58991,20.0,1.0,1.0,0,FD,20.6,20.0,20.0,40.0,48.0
106,31438,MACARRAO GALO AZUL 500G PARAFUSO 2 SEMOLADO,MACARRAO GALO 500G P,R10,57,1,101,A,T,680.0,O,P,1,193339,01,NAVEGANTES/ITAJAI,E,2729.0,6.41959942,A,22,S,14723.2,9,0.0,,6576855,SE,0,,618.644,0.7913807,56.0,12.0,N,4,,A,FA,BF,618.644,0.7913807,56,12,168,58991,20.0,2.0,2.0,0,CX,10.2,10.0,19.0,36.0,60.0
107,31784,SAL ZIZO REFINADO 1 KG,SAL ZIZO REFINADO 1K,B11,17,1,101,A,T,12132.0,O,P,1,193339,01,NAVEGANTES/ITAJAI,E,2729.0,6.41959942,A,22,S,14723.2,9,0.0,,6576855,SE,0,,618.644,0.7913807,56.0,12.0,N,4,,A,FA,BF,618.644,0.7913807,56,12,168,44116,15.0,2.0,2.0,0,FD,16.05,15.0,8.5,15.0,22.5
108,31784,SAL ZIZO REFINADO 1 KG,SAL ZIZO REFINADO 1K,B11,17,1,101,A,T,12132.0,O,P,1,193339,01,NAVEGANTES/ITAJAI,E,2729.0,6.41959942,A,22,S,14723.2,9,0.0,,6576855,SE,0,,618.644,0.7913807,56.0,12.0,N,4,,A,FA,BF,618.644,0.7913807,56,12,168,58991,15.0,2.0,2.0,0,FD,16.05,15.0,8.5,15.0,22.5
109,32908,ACUCAR CRISTAL UNIAO ORGANICO 1KG,ACUCAR CRISTAL UNIAO,R10,79,1,102,A,T,97.0,O,P,1,193339,01,NAVEGANTES/ITAJAI,E,2729.0,6.41959942,A,22,S,14723.2,9,0.0,,6576855,SE,0,,618.644,0.7913807,56.0,12.0,N,4,,A,FA,BF,618.644,0.7913807,56,12,168,80039,10.0,3.0,3.0,0,FD,10.1,10.0,22.0,21.8,36.5
110,33264,FEIJAO RIO BELO PRETO 1KG,FEIJAO RIO BELO PRET,R10,30,1,101,A,T,197.0,O,P,1,193339,01,NAVEGANTES/ITAJAI,E,2729.0,6.41959942,A,22,S,14723.2,9,0.0,,6576855,SE,0,,618.644,0.7913807,56.0,12.0,N,4,,A,FA,BF,618.644,0.7913807,56,12,168,65206,10.0,1.0,1.0,0,FD,10.0,10.0,17.0,58.0,38.0
111,33923,MACARRAO GALO VERMEL ESPAGUET 8 500G,MACARRAO GALO VERMELH ES,R10,11,1,101,A,T,1616.0,O,P,1,193339,01,NAVEGANTES/ITAJAI,E,2729.0,6.41959942,A,22,S,14723.2,9,0.0,,6576855,SE,0,,618.644,0.7913807,56.0,12.0,N,4,,A,FA,BF,618.644,0.7913807,56,12,168,44116,30.0,4.0,4.0,0,CX,15.21,15.0,15.0,16.0,1.0
112,33923,MACARRAO GALO VERMEL ESPAGUET 8 500G,MACARRAO GALO VERMELH ES,R10,11,1,101,A,T,1616.0,O,P,1,193339,01,NAVEGANTES/ITAJAI,E,2729.0,6.41959942,A,22,S,14723.2,9,0.0,,6576855,SE,0,,618.644,0.7913807,56.0,12.0,N,4,,A,FA,BF,618.644,0.7913807,56,12,168,65206,30.0,1.0,1.0,0,CX,15.21,15.0,15.0,16.0,1.0
113,26422,FARINHA ROSCA VO ZE 5KG,FARINHA ROSCA VO ZE,R10,3,1,101,A,T,68.0,O,P,1,193344,01,PENHA - BETO CARREIRO,E,200.0,0.33276123,A,23,S,1134.56,4,0.0,,6576877,SE,0,,51.575,0.03350475,4.0,4.0,N,4,,A,FA,BF,51.575,0.03350475,4,4,4,63995,1.0,1.0,1.0,0,UN,5.015,5.0,9.0,26.0,38.0
114,31784,SAL ZIZO REFINADO 1 KG,SAL ZIZO REFINADO 1K,B11,17,1,101,A,T,12132.0,O,P,1,193344,01,PENHA - BETO CARREIRO,E,200.0,0.33276123,A,23,S,1134.56,4,0.0,,6576877,SE,0,,51.575,0.03350475,4.0,4.0,N,4,,A,FA,BF,51.575,0.03350475,4,4,4,63995,15.0,1.0,1.0,0,FD,16.05,15.0,8.5,15.0,22.5
115,32435,MACARRAO REN G. DURO 500G ESPAGUETE 10 SUPERIORE,MACARRAO REN G. DURO,R10,90,1,103,A,T,267.0,O,P,1,193344,01,PENHA - BETO CARREIRO,E,200.0,0.33276123,A,23,S,1134.56,4,0.0,,6576877,SE,0,,51.575,0.03350475,4.0,4.0,N,4,,A,FA,BF,51.575,0.03350475,4,4,4,63995,30.0,1.0,1.0,0,CX,15.3,15.0,16.0,28.0,48.0
116,33923,MACARRAO GALO VERMEL ESPAGUET 8 500G,MACARRAO GALO VERMELH ES,R10,11,1,101,A,T,1616.0,O,P,1,193344,01,PENHA - BETO CARREIRO,E,200.0,0.33276123,A,23,S,1134.56,4,0.0,,6576877,SE,0,,51.575,0.03350475,4.0,4.0,N,4,,A,FA,BF,51.575,0.03350475,4,4,4,70480,30.0,1.0,1.0,0,CX,15.21,15.0,15.0,16.0,1.0
117,1459,ARROZ PARBO 5KG MINUTINHO,ARROZ MINUT PARBO 5K,R10,24,1,101,A,T,120.0,O,P,1,193355,01,SITIOS GRILL,E,478.0,0.86079622,A,24,S,3910.39,6,0.0,,6576891,SE,0,,50.21,0.05505,3.0,2.0,N,4,,A,FA,BF,50.21,0.05505,3,2,6,69406,6.0,1.0,1.0,0,FD,30.21,30.0,18.0,35.0,55.0
118,32404,FEIJAO RIO BELO CARIOCA 1KG,FEIJAO RIO BELO CARI,R10,37,1,101,A,T,620.0,O,P,1,193355,01,SITIOS GRILL,E,478.0,0.86079622,A,24,S,3910.39,6,0.0,,6576891,SE,0,,50.21,0.05505,3.0,2.0,N,4,,A,FA,BF,50.21,0.05505,3,2,6,69406,10.0,2.0,2.0,0,FD,10.0,10.0,17.0,20.0,30.0
119,1508,FARINHA TRIGO DONA BENTA 1KG,TRIGO DONA BENTA 1KG,R10,25,1,101,A,T,307.0,O,P,1,193341,01,ITAJAI,E,1924.0,4.53905973,A,25,S,15477.68,9,0.0,,6576916,SE,0,,237.171,0.38898625,18.0,13.0,N,4,,A,FA,BF,237.171,0.38898625,18,13,277,78599,10.0,2.0,2.0,0,FD,10.0,10.0,14.0,25.0,45.0
120,1509,FARINHA TRIGO DONA BENTA 5KG,TRIGO DONA BENTA 5KG,R10,13,1,101,A,T,146.0,O,P,1,193341,01,ITAJAI,E,1924.0,4.53905973,A,25,S,15477.68,9,0.0,,6576916,SE,0,,237.171,0.38898625,18.0,13.0,N,4,,A,FA,BF,237.171,0.38898625,18,13,277,78599,5.0,1.0,1.0,0,FD,25.239,25.239,21.0,38.0,42.0
121,2181,FARINHA MANDIOCA TUPA EX FINA 1KG,FAR MAND TUPA 1KG,R10,29,1,101,A,T,528.0,O,P,1,193341,01,ITAJAI,E,1924.0,4.53905973,A,25,S,15477.68,9,0.0,,6576916,SE,0,,237.171,0.38898625,18.0,13.0,N,4,,A,FA,BF,237.171,0.38898625,18,13,277,46311,20.0,1.0,1.0,0,CX,21.008,21.008,16.0,38.0,45.0
122,2519,FEIJAO CALDAO PRETO 1KG,FEIJAO CALDAO PRETO,R10,44,1,101,A,T,710.0,O,P,1,193341,01,ITAJAI,E,1924.0,4.53905973,A,25,S,15477.68,9,0.0,,6576916,SE,0,,237.171,0.38898625,18.0,13.0,N,4,,A,FA,BF,237.171,0.38898625,18,13,277,69944,10.0,1.0,1.0,0,FD,10.177,10.0,14.0,25.0,40.0
123,2519,FEIJAO CALDAO PRETO 1KG,FEIJAO CALDAO PRETO,R10,44,1,101,A,T,710.0,O,P,1,193341,01,ITAJAI,E,1924.0,4.53905973,A,25,S,15477.68,9,0.0,,6576916,SE,0,,237.171,0.38898625,18.0,13.0,N,4,,A,FA,BF,237.171,0.38898625,18,13,277,78188,10.0,1.0,1.0,0,FD,10.177,10.0,14.0,25.0,40.0
124,7974,ARROZ INTEGRAL 1KG BIJU,ARROZ BIJU INTEG 1K,R10,87,1,201,A,T,71.0,O,P,1,193341,01,ITAJAI,E,1924.0,4.53905973,A,25,S,15477.68,9,0.0,,6576916,SE,0,,237.171,0.38898625,18.0,13.0,N,4,,A,FA,BF,237.171,0.38898625,18,13,277,46311,10.0,1.0,1.0,0,FD,11.0,10.0,18.0,23.0,38.0
125,31784,SAL ZIZO REFINADO 1 KG,SAL ZIZO REFINADO 1K,B11,17,1,101,A,T,12132.0,O,P,1,193341,01,ITAJAI,E,1924.0,4.53905973,A,25,S,15477.68,9,0.0,,6576916,SE,0,,237.171,0.38898625,18.0,13.0,N,4,,A,FA,BF,237.171,0.38898625,18,13,277,46311,15.0,2.0,2.0,0,FD,16.05,15.0,8.5,15.0,22.5
126,31784,SAL ZIZO REFINADO 1 KG,SAL ZIZO REFINADO 1K,B11,17,1,101,A,T,12132.0,O,P,1,193341,01,ITAJAI,E,1924.0,4.53905973,A,25,S,15477.68,9,0.0,,6576916,SE,0,,237.171,0.38898625,18.0,13.0,N,4,,A,FA,BF,237.171,0.38898625,18,13,277,57779,15.0,1.0,1.0,0,FD,16.05,15.0,8.5,15.0,22.5
127,32404,FEIJAO RIO BELO CARIOCA 1KG,FEIJAO RIO BELO CARI,R10,37,1,101,A,T,620.0,O,P,1,193341,01,ITAJAI,E,1924.0,4.53905973,A,25,S,15477.68,9,0.0,,6576916,SE,0,,237.171,0.38898625,18.0,13.0,N,4,,A,FA,BF,237.171,0.38898625,18,13,277,78188,10.0,1.0,1.0,0,FD,10.0,10.0,17.0,20.0,30.0
128,33916,MACARRAO GALO VERMELHO PARAFUSO 2 500G,MACARRAO GALO SEMOLA,R10,54,1,101,A,T,473.0,O,P,1,193341,01,ITAJAI,E,1924.0,4.53905973,A,25,S,15477.68,9,0.0,,6576916,SE,0,,237.171,0.38898625,18.0,13.0,N,4,,A,FA,BF,237.171,0.38898625,18,13,277,78599,20.0,2.0,2.0,0,CX,10.2,10.0,18.0,34.0,62.0
129,33919,MACARRAO GALO VERMELHO MINI PENA 500GR,MACARRAO GALO SEMOLA,R10,81,1,203,A,T,98.0,O,P,1,193341,01,ITAJAI,E,1924.0,4.53905973,A,25,S,15477.68,9,0.0,,6576916,SE,0,,237.171,0.38898625,18.0,13.0,N,4,,A,FA,BF,237.171,0.38898625,18,13,277,78599,20.0,1.0,1.0,0,CX,10.2,10.0,18.0,34.0,62.0
130,33922,MACARRAO GALO VERMEL FETTUCCINE 500G,MACARRAO SEMOLA GALO FET,R10,69,1,102,A,T,30.0,O,P,1,193341,01,ITAJAI,E,1924.0,4.53905973,A,25,S,15477.68,9,0.0,,6576916,SE,0,,237.171,0.38898625,18.0,13.0,N,4,,A,FA,BF,237.171,0.38898625,18,13,277,78599,30.0,1.0,1.0,0,CX,15.21,15.0,15.0,16.0,31.0
131,33923,MACARRAO GALO VERMEL ESPAGUET 8 500G,MACARRAO GALO VERMELH ES,R10,11,1,101,A,T,1616.0,O,P,1,193341,01,ITAJAI,E,1924.0,4.53905973,A,25,S,15477.68,9,0.0,,6576916,SE,0,,237.171,0.38898625,18.0,13.0,N,4,,A,FA,BF,237.171,0.38898625,18,13,277,46311,30.0,1.0,1.0,0,CX,15.21,15.0,15.0,16.0,1.0
132,38485,MACARRAO GALO NINHO TALHARIM 500GR NR2,MACARRAO GALO NINHO,R11,51,1,101,A,T,200.0,O,P,1,193341,01,ITAJAI,E,1924.0,4.53905973,A,25,S,15477.68,9,0.0,,6576916,SE,0,,237.171,0.38898625,18.0,13.0,N,4,,A,FA,BF,237.171,0.38898625,18,13,277,44696,20.0,1.0,1.0,0,CX,10.2,10.0,40.0,33.0,49.0
133,39165,MACARRAO GALO NHOQUE 500GR,MACARRAO FGALO NHOQU,R10,91,1,103,A,T,119.0,O,P,1,193341,01,ITAJAI,E,1924.0,4.53905973,A,25,S,15477.68,9,0.0,,6576916,SE,0,,237.171,0.38898625,18.0,13.0,N,4,,A,FA,BF,237.171,0.38898625,18,13,277,78599,20.0,1.0,1.0,0,CX,10.2,10.0,21.0,38.0,60.0
